,Title,Genre,Premiere,Runtime,IMDB Score,Language
0,#REALITYHIGH,Comedy,8-Sep-17,99,5.2,English
1,13th,Documentary,7-Oct-16,100,8.2,English
2,13th: A Conversation with Oprah Winfrey & Ava DuVernay,Aftershow / Interview,26-Jan-17,36,7.1,English
3,15-Aug,Comedy-drama,29-Mar-19,124,5.8,Marathi
4,1922,Horror/Crime drama,20-Oct-17,102,6.3,English
5,22-Jul,Drama,10-Oct-18,144,6.8,English
6,5 Star Christmas,Comedy,7-Dec-18,95,4.6,Italian
7,6 Balloons,Drama,6-Apr-18,75,5.9,English
8,6 Underground,Action,13-Dec-19,128,6.1,English
9,7 años,Drama,28-Oct-16,76,6.8,Spanish
10,A 3 Minute Hug,Documentary,28-Oct-19,28,6.5,English/Spanish
11,A Babysitter's Guide to Monster Hunting,Comedy/Fantasy/Family,15-Oct-20,98,5.4,English
12,A California Christmas,Romantic comedy,14-Dec-20,107,5.8,English
13,A Christmas Prince,Romantic comedy,17-Nov-17,92,5.8,English
14,A Christmas Prince: The Royal Baby,Romantic comedy,5-Dec-19,85,5.4,English
15,A Christmas Prince: The Royal Wedding,Romantic comedy,30-Nov-18,92,5.3,English
16,A Fall from Grace,Thriller,17-Jan-20,120,5.9,English
17,A Futile and Stupid Gesture,Biographical/Comedy,26-Jan-18,101,6.8,English
18,A Life of Speed: The Juan Manuel Fangio Story,Documentary,20-Mar-20,92,6.8,Spanish
19,A Love Song for Latasha,Documentary,21-Sep-20,19,6.8,English
20,A Secret Love,Documentary,29-Apr-20,82,7.9,English
21,A Tale of Two Kitchens,Documentary,22-May-19,30,6.3,English/Spanish
22,A Very Murray Christmas,Comedy / Musical,4-Dec-15,56,5.5,English
23,A Week Away,Christian musical,26-Mar-21,97,5.7,English
24,A Whisker Away,Anime/Fantasy,18-Jun-20,104,6.7,Japanese
25,After Maria,Documentary,24-May-19,37,4.6,English/Spanish
26,After the Raid,Documentary,19-Dec-19,25,4.3,Spanish
27,Airplane Mode,Comedy,23-Jan-20,96,5,Portuguese
28,Ajeeb Daastaans,Drama,16-Apr-21,142,6.7,Hindi
29,AK vs AK,Thriller,24-Dec-20,108,6.9,Hindi
30,Alex Strangelove,Romantic comedy,8-Jun-18,99,6.3,English
31,Alien Xmas,Stop Motion,20-Nov-20,42,6.2,English
32,All Because of You,Action comedy,1-Oct-20,101,4.2,Malay
33,All Day and a Night,Drama,1-May-20,121,5.8,English
34,All in My Family,Documentary,3-May-19,39,6.8,English/Mandarin
35,All the Bright Places,Romance,28-Feb-20,108,6.5,English
36,All Together Now,Drama,28-Aug-20,93,6.5,English
37,Altered Carbon: Resleeved,Anime/Science fiction,19-Mar-20,74,6.5,Japanese
38,Always Be My Maybe,Romantic comedy,31-May-19,102,6.8,English
39,Amanda Knox,Documentary,30-Sep-16,92,6.9,English
40,Amateur,Sports-drama,6-Apr-18,96,5.9,English
41,American Factory,Documentary,21-Aug-19,110,7.4,English
42,American Factory: A Conversation with the Obamas ,Aftershow / Interview,21-Aug-19,10,5.2,English
43,American Murder: The Family Next Door,Documentary,30-Sep-20,82,7.2,English
44,American Son,Drama,1-Nov-19,90,5.8,English
45,Anelka: Misunderstood,Documentary,5-Aug-20,94,6.4,French
46,Angela's Christmas,Animation,30-Nov-18,30,7.1,English
47,Angela's Christmas Wish,Animation,1-Dec-20,47,7.1,English
48,Anima,Musical / Short,27-Jun-19,15,7.7,English
49,Antoine Griezmann: The Making of a Legend,Documentary,21-Mar-19,60,6.5,French
50,Apostle,Horror-thriller,12-Oct-18,129,6.3,English
51,"Ariana Grande: Excuse Me, I Love You",Concert Film,21-Dec-20,97,6.4,English
52,Arlo the Alligator Boy,Animated musical comedy,16-Apr-21,92,6.7,English
53,Army of the Dead,Zombie/Heist,21-May-21,148,5.9,English
54,ARQ,Science fiction/Thriller,16-Sep-16,88,6.4,English
55,Athlete A,Documentary,24-Jun-20,104,7.6,English
56,Audrie & Daisy,Documentary,23-Sep-16,98,7.2,English
57,Back to School,Comedy,30-Aug-19,83,5.3,French
58,Bad Trip,Hidden-camera prank comedy,26-Mar-21,86,6.6,English
59,Baggio: The Divine Ponytail,Biopic,26-May-21,92,6.2,Italian
60,"Barbra: The Music, The Mem'ries, The Magic!",Concert Film,22-Nov-17,108,7.5,English
61,Barry,Biopic,16-Dec-16,104,5.8,English
62,Beasts of No Nation,War drama,16-Oct-15,136,7.7,English/Akan
63,Beats,Drama,19-Jun-19,110,7.1,English
64,Becoming,Documentary,6-May-20,89,6.8,English
65,Been So Long,Musical,26-Oct-18,100,5.5,English
66,Below Zero,Drama,29-Jan-21,106,6.2,Spanish
67,Ben Platt: Live from Radio City Music Hall,Concert Film,20-May-20,85,8.4,English
68,Benji,Family film,16-Mar-18,87,6.3,English
69,Between Two Ferns: The Movie,Comedy,20-Sep-19,82,6.1,English
70,Bigflo & Oil: Hip Hop Frenzy,Documentary,8-Oct-20,100,6.9,French
71,Biggie: I Got a Story to Tell,Documentary,1-Mar-21,97,6.9,English
72,"Bikram: Yogi, Guru, Predator",Documentary,20-Nov-19,86,6.7,English
73,Bird Box,Psychological thriller,21-Dec-18,124,6.6,English
74,Birders,Documentary,25-Sep-19,37,6.4,English/Spanish
75,Blackpink: Light Up the Sky,Documentary,14-Oct-20,79,7.5,Korean
76,Blame!,Anime/Science fiction,20-May-17,106,6.7,Japanese
77,Blue Miracle,Drama,27-May-21,95,6.7,English
78,Bomb Scared,Black comedy,12-Oct-17,89,5.6,Spanish/Basque
79,Brahman Naman,Comedy,7-Jul-16,95,5.6,English
80,Brene Brown: The Call to Courage,Documentary,19-Apr-19,76,7.7,English
81,Bright,Urban fantasy,22-Dec-17,117,6.3,English
82,Bulbbul,Horror,24-Jun-20,94,6.6,Hindi
83,Burning Sands,Drama,10-Mar-17,102,6.1,English
84,Cadaver,Horror,22-Oct-20,86,5.1,Norwegian
85,Calibre,Thriller,29-Jun-18,101,6.8,English
86,Cam,Psychological horror,16-Nov-18,94,5.9,English
87,Candy Jar,Comedy,27-Apr-18,92,5.8,English
88,Canvas ,Animation / Short,11-Dec-20,9,6.5,English
89,Cargo,Drama/Horror,18-May-18,104,6.3,English
90,Casting JonBenet,Documentary,28-Apr-17,80,6.1,English
91,Caught by a Wave,Romantic teen drama,25-Mar-21,99,5.7,Italian
92,Chadwick Boseman: Portrait of an Artist,Documentary,17-Apr-21,21,6.5,English
93,Chasing Coral ,Documentary,14-Jul-17,89,8.1,English
94,Choked: Paisa Bolta Hai,Drama,5-Jun-20,114,5.8,Hindi
95,Chopsticks,Comedy,31-May-19,100,6.5,Hindi
96,Christmas Crossfire,Thriller,4-Dec-20,106,4.8,German
97,Christmas Inheritance,Romantic drama,15-Dec-17,104,5.7,English
98,Circus of Books,Documentary,22-Apr-20,92,7.1,English
99,Citation,Drama,6-Nov-20,151,6.2,English
100,City of Joy,Documentary,7-Sep-18,74,7.5,English
101,Class of '83,Drama,21-Aug-20,98,5.8,Hindi
102,Clinical,Thriller,13-Jan-17,104,5.1,English
103,Coffee & Kareem,Action comedy,3-Apr-20,88,5.1,English
104,Coin Heist,Heist,6-Jan-17,97,4.8,English
105,Come Sunday,Biopic,13-Apr-18,106,6,English
106,Como Caído del Cielo,Musical comedy,24-Dec-19,112,6.4,Spanish
107,Concrete Cowboy,Drama,2-Apr-21,111,6.3,English
108,Cops and Robbers,Animation / Short,28-Dec-20,7,6.9,English
109,CounterPunch ,Documentary,16-Jun-17,91,6.7,English
110,"Crack: Cocaine, Corruption & Conspiracy",Documentary,11-Jan-21,89,6.7,English
111,Crazy About Her,Romantic comedy,26-Feb-21,102,6.6,Spanish
112,Crazy Awesome Teachers,Comedy-drama,17-Aug-20,101,6.2,Indonesian
113,Crip Camp: A Disability Revolution,Documentary,25-Mar-20,108,7.7,English
114,Cuba and the Cameraman ,Documentary,24-Nov-17,114,8.3,English
115,Da 5 Bloods,War drama,12-Jun-20,155,6.5,English
116,Dad Wanted,Family,11-Sep-20,102,5.7,Spanish
117,Dance Dreams: Hot Chocolate Nutcracker,Documentary,27-Nov-20,80,7.1,English
118,Dancing with the Birds,Documentary,23-Oct-19,51,8.3,English
119,Dangerous Lies,Thriller,30-Apr-20,97,5.3,English
120,Dark Forces,Thriller,21-Aug-20,81,2.6,Spanish
121,David Attenborough: A Life on Our Planet,Documentary,4-Oct-20,83,9,English
122,Dead Kids,Thriller,1-Dec-19,94,5.5,Filipino
123,Death Note,Horror thriller,25-Aug-17,100,4.4,English
124,Death to 2020,Comedy,27-Dec-20,70,6.8,English
125,Deidra & Laney Rob a Train,Drama,17-Mar-17,94,6.1,English
126,Derren Brown: Sacrifice,Mentalism special,19-Oct-18,49,7.1,English
127,Desperados,Romantic comedy,3-Jul-20,106,5.2,English
128,Despite Everything,Comedy,3-May-19,78,5.4,Spanish
129,Dick Johnson Is Dead,Documentary,2-Oct-20,90,7.5,English
130,Disclosure: Trans Lives on Screen,Documentary,19-Jun-20,107,8.2,English
131,Dolemite Is My Name,Biopic,25-Oct-19,118,7.3,English
132,Dolly Kitty and Those Twinkling Stars,Drama,18-Sep-20,120,5.4,Hindi
133,Dolly Parton: A MusiCares Tribute,Documentary,7-Apr-21,55,6.5,English
134,Dolly Parton's Christmas on the Square,Christmas musical,22-Nov-20,98,5.2,English
135,Double Dad,Comedy-drama,15-Jan-21,103,5.6,Portuguese
136,Drive,Action,1-Nov-19,147,3.5,Hindi
137,Dude,Teen comedy-drama,20-Apr-18,97,5.1,English
138,Earth and Blood,Action,17-Apr-20,80,4.9,French
139,Earthquake Bird,Mystery,15-Nov-19,107,5.9,English
140,El Camino Christmas,Dark comedy,8-Dec-17,89,5.7,English
141,El Camino: A Breaking Bad Movie,Crime drama,11-Oct-19,121,7.3,English
142,El Pepe: A Supreme Life,Documentary,27-Dec-19,73,7.1,Spanish
143,Eli,Horror,18-Oct-19,98,5.7,English
144,Elisa & Marcela,Romance,7-Jun-19,118,6.6,Spanish
145,Emicida: AmarElo - It's All For Yesterday,Documentary,8-Dec-20,89,8.6,Portuguese
146,End Game,Documentary,4-May-18,40,7.1,English
147,Enter the Anime,Documentary,5-Aug-19,58,2.5,English/Japanese
148,Eurovision Song Contest: The Story of Fire Saga,Musical comedy,26-Jun-20,123,6.5,English
149,Evelyn,Documentary,10-Sep-19,96,7.1,English
150,Extinction,Science fiction/Thriller,27-Jul-18,95,5.8,English
151,Extraction,Action,24-Apr-20,117,6.7,English
152,Extremis,Documentary,13-Sep-16,24,7.3,English
153,Falling Inn Love,Romantic comedy,29-Aug-19,97,5.6,English
154,Fatal Affair,Thriller,16-Jul-20,89,4.5,English
155,Father of the Year,Comedy,20-Jul-18,94,5.2,English
156,Father Soldier Son,Documentary,17-Jul-20,100,7.3,English
157,Fearless,Animation/Superhero,14-Aug-20,89,4.9,English
158,Feel the Beat,Family/Comedy-drama,19-Jun-20,107,6.3,English
159,Feminists: What Were They Thinking?,Documentary,12-Oct-18,86,7,English
160,Ferry,Crime drama,14-May-21,106,7.1,Dutch
161,Finding 'Ohana,Family,29-Jan-21,123,6.1,English
162,Finding Agnes,Drama,30-Nov-20,105,4.7,Filipino
163,Fire in Paradise,Documentary,1-Nov-19,39,7.4,English
164,Firebrand,Drama,22-Feb-19,112,5.2,Marathi
165,First Match,Sports-drama,30-Mar-18,102,6.4,English
166,First They Killed My Father,Drama,15-Sep-17,136,7.2,Khmer/English/French
167,Forgive Us Our Debts,Drama,4-May-18,104,6,Italian
168,Fractured,Thriller,11-Oct-19,100,6.4,English
169,"Frankenstein's Monster's Monster, Frankenstein",Mockumentary,16-Jul-19,32,5.9,English
170,Freaks: You're One of Us,Supernatural drama,2-Sep-20,92,5.4,German
171,Fyre: The Greatest Party That Never Happened,Documentary,18-Jan-19,97,7.2,English
172,Gaga: Five Foot Two,Documentary,22-Sep-17,100,7,English
173,"Game Over, Man!",Action/Comedy,23-Mar-18,101,5.4,English
174,Geez & Ann,Romantic drama,25-Feb-21,105,5.1,Indonesian
175,Gerald's Game,Horror thriller,29-Sep-17,103,6.5,English
176,Get Me Roger Stone,Documentary,12-May-17,101,7.3,English
177,Get the Goat,Comedy,18-Mar-21,97,6.3,Portuguese
178,Get the Grift,Comedy,28-Apr-21,94,5.5,Portuguese
179,Ghost Lab,Horror,26-May-21,117,5.2,Thai
180,Ghost Stories,Horror anthology,1-Jan-20,144,4.3,Hindi
181,Ghosts of Sugar Land,Documentary,16-Oct-19,21,5.5,English
182,GIMS: On the Record,Documentary,17-Sep-20,96,6.8,French
183,Ginny Weds Sunny,Romantic comedy,9-Oct-20,125,5.7,Hindi
184,Girlfriend's Day,Comedy,14-Feb-17,70,5.2,English
185,Giving Voice,Documentary,11-Dec-20,90,6.7,English
186,Good Sam,Drama,16-May-19,89,5.7,English
187,Grass Is Greener,Documentary,20-Apr-19,97,7.1,English
188,Guillermo Vilas: Settling the Score,Documentary,27-Oct-20,94,7.1,Spanish
189,Guilty,Thriller,6-Mar-20,119,6.3,Hindi
190,Gunjan Saxena: The Kargil Girl,Drama,12-Aug-20,112,5.3,Hindi
191,Handsome: A Netflix Mystery Movie,Comedy,5-May-17,81,5.2,English
192,Happy Anniversary,Romantic comedy,30-Mar-18,78,5.8,English
193,Have a Good Trip: Adventures in Psychedelics,Documentary,11-May-20,85,6.8,English
194,Have You Ever Seen Fireflies?,Comedy,9-Apr-21,114,6.2,Turkish
195,"Hello Privilege. It's Me, Chelsea",Documentary,13-Sep-19,64,4.4,English
196,Heroin(e) ,Documentary,12-Sep-17,39,6.8,English
197,High Flying Bird,Sports-drama,8-Feb-19,90,6.2,English
198,Hillbilly Elegy,Drama,24-Nov-20,117,6.7,English
199,His House,Thriller,30-Oct-20,93,6.5,English
200,Hold the Dark,Thriller,28-Sep-18,125,5.6,English
201,Holidate,Romantic comedy/Holiday,28-Oct-20,104,6.1,English
202,Holiday in the Wild,Adventure-romance,1-Nov-19,85,6.1,English
203,Holiday Rush,Family film,28-Nov-19,94,4.9,English
204,Homecoming: A Film by Beyonce ,Documentary,17-Apr-19,137,7.5,English
205,Hope Frozen: A Quest to Live Twice,Documentary,15-Sep-20,80,6.7,Thia/English
206,Horse Girl,Drama,7-Feb-20,104,5.9,English
207,Hot Girls Wanted,Documentary,29-May-15,84,6.1,English
208,House Arrest,Comedy,15-Nov-19,104,5.5,Hindi
209,How It Ends,Action-thriller,13-Jul-18,113,5,English
210,Hubie Halloween,Comedy,7-Oct-20,103,5.2,English
211,I Am All Girls,Thriller,14-May-21,107,5.8,English
212,I Am Not an Easy Man,Romantic comedy,13-Apr-18,98,6.3,French
213,I Am the Pretty Thing That Lives in the House,Horror,28-Oct-16,89,4.6,English
214,I Don't Feel at Home in This World Anymore,Drama,24-Feb-17,96,6.9,English
215,I'll Sleep When I'm Dead,Documentary,19-Aug-16,79,6.6,English
216,I'm No Longer Here,Drama,27-May-20,105,7.3,Spanish
217,I'm No Longer Here: A Discussion with Guillermo del Toro and Alfonso Cuaron,Aftershow / Interview,3-Nov-20,14,7,English
218,I'm Thinking of Ending Things,Psychological thriller,4-Sep-20,134,6.6,English
219,Ibiza,Comedy,25-May-18,94,5.2,English
220,iBoy,Science fiction/Thriller,27-Jan-17,90,6,English
221,Icarus,Documentary,4-Aug-17,120,7.9,English
222,If Anything Happens I Love You,Animation / Short,20-Nov-20,12,7.8,English
223,Imperial Dreams,Drama,3-Feb-17,87,6.7,English
224,In the Shadow of the Moon,Thriller,27-Sep-19,115,6.2,English
225,In the Tall Grass,Horror,4-Oct-19,101,5.4,English
226,Into the Inferno,Documentary,28-Oct-16,107,7.2,English
227,Intuition,Thriller,28-May-20,116,5.3,Spanish
228,Invader Zim: Enter the Florpus,Animation / Science Fiction,16-Aug-19,71,7.5,English
229,IO,Science fiction/Drama,18-Jan-19,95,4.7,English
230,Irreplaceable You,Drama,16-Feb-18,96,6.4,English
231,Isi & Ossi,Romantic comedy,14-Feb-20,113,6.4,German
232,It Takes a Lunatic,Documentary,25-Oct-19,126,6.6,English
233,"Jim & Andy: The Great Beyond - Featuring a Very Special, Contractually Obligated Mention of Tony Cliffton ",Documentary,17-Nov-17,94,7.7,English
234,Jingle Jangle: A Christmas Journey,Family/Christmas musical,13-Nov-20,119,6.5,English
235,Joan Didion: The Center Will Not Hold,Documentary,27-Oct-17,98,7.5,English
236,John Mulaney & the Sack Lunch Bunch,Variety show,24-Dec-19,70,7.5,English
237,John Was Trying to Contact Aliens,Documentary,20-Aug-20,16,6.4,English
238,Joshua: Teenager vs. Superpower,Documentary,26-May-17,78,7.1,English
239,Juanita,Drama,8-Mar-19,90,6,English
240,June & Kopi,Drama,28-Jan-21,90,6.3,Indonesian
241,Just Another Christmas,Comedy,3-Dec-20,101,6.7,Portuguese
242,Just Say Yes,Romantic comedy,2-Apr-21,97,4.5,Dutch
243,Justin Timberlake + The Tennessee Kids,Concert Film,12-Oct-16,90,7.7,English
244,Kaali Khuhi,Mystery,30-Oct-20,90,3.4,Hindi
245,Keith Richards: Under the Influence,Documentary,18-Sep-15,81,7.1,English
246,Kevin Hart's Guide to Black History,Variety show,8-Feb-19,63,5.5,English
247,Kingdom of Us,Documentary,13-Oct-17,109,7,English
248,Klaus,Animation/Christmas/Comedy/Adventure,15-Nov-19,97,8.2,English
249,Knock Down the House,Documentary,1-May-19,87,7.1,English
250,LA Originals,Documentary,10-Apr-20,92,7.2,English
251,Ladies First,Documentary,8-Mar-18,39,7.2,English/Hindi
252,Laerte-se,Documentary,19-May-17,100,6.9,Portuguese
253,Layla Majnun,Romantic drama,11-Feb-21,119,6.4,Indonesian
254,Let It Snow,Romantic comedy,8-Nov-19,92,5.8,English
255,Leyla Everlasting,Comedy,4-Dec-20,112,3.7,Turkish
256,Life Overtakes Me,Documentary,14-Jun-19,40,6.5,English/Swedish
257,Like Father,Comedy,3-Aug-18,103,6.1,English
258,Lionheart,Comedy,4-Jan-19,94,5.7,English
259,Little Evil,Comedy horror,1-Sep-17,94,5.7,English
260,Little Miss Sumo,Documentary,28-Oct-19,19,6.7,Japanese
261,Long Live Brij Mohan,Comedy,3-Aug-18,105,6.8,Hindi
262,Long Shot,Documentary,29-Sep-17,40,7.4,English
263,"Lorena, Light-Footed Woman",Documentary,20-Nov-19,28,7,Spanish
264,Los Tigres del Norte at Folsom Prison,Documentary,15-Sep-19,64,7,Spanish
265,Lost Bullet,Thriller,19-Jun-20,92,6.2,French
266,Lost Girls,Crime drama,13-Mar-20,95,6.1,English
267,Loudon Wainwright III: Surviving Twin,One-man show,13-Nov-18,91,7.1,English
268,Love Like the Falling Rain,Drama,15-Oct-20,86,5,Indonesian
269,Love per Square Foot,Romantic comedy,14-Feb-18,133,7.2,Hindi
270,Love Wedding Repeat,Romantic comedy,10-Apr-20,100,5.5,English
271,"Love, Guaranteed",Romantic comedy,3-Sep-20,91,5.6,English
272,Lovefucked,Drama,9-Aug-19,106,6,Hindi
273,Ludo,Anthology/Dark comedy,12-Nov-20,149,7.6,Hindi
274,Lust Stories,Drama,15-Jun-18,120,6.5,Hindi
275,Ma Rainey's Black Bottom,Drama,18-Dec-20,94,7,English
276,Ma Rainey's Black Bottom: A Legacy Brought to Screen,Aftershow / Interview,18-Dec-20,31,7,English
277,Madame Claude,Drama,2-Apr-21,112,5.4,French
278,Malcolm & Marie,Romantic drama,5-Feb-21,106,6.7,English
279,Mank,Biopic,4-Dec-20,132,6.9,English
280,Marriage Story,Drama,6-Dec-19,136,7.9,English
281,Mascots,Mockumentary,13-Oct-16,95,5.8,English
282,Maska,Romantic comedy,27-Mar-20,111,5.9,Hindi
283,Mercury 13,Documentary,20-Apr-18,79,6.8,English
284,Mercy,Thriller,22-Nov-16,90,4.2,English
285,"Michael Bolton's Big, Sexy, Valentine's Day Special",Variety Show,7-Feb-17,54,6.7,English
286,Milestone,Drama,7-May-21,98,6.6,Hindi
287,Miss Americana,Documentary,31-Jan-20,85,7.4,English
288,Monster,Drama,7-May-21,98,6.5,English
289,Mowgli: Legend of the Jungle,Adventure,7-Dec-18,104,6.5,English
290,Moxie,Drama,3-Mar-21,111,6.7,English
291,Mrs. Serial Killer,Thriller,1-May-20,106,4.8,Hindi
292,Mucho Mucho Amor: The Legend of Walter Mercado ,Documentary,8-Jul-20,96,7.3,Spanish/English
293,Murder Mystery,Comedy mystery,14-Jun-19,97,6,English
294,Murder to Mercy: The Cyntoia Brown Story,Documentary,29-Apr-20,97,6.4,English
295,Music Teacher,Drama,19-Apr-19,101,6.3,Hindi
296,Mute,Science fiction/Mystery,23-Feb-18,126,5.5,English
297,My Beautiful Broken Brain,Documentary,18-Mar-16,91,7.1,English
298,My Octopus Teacher,Documentary,7-Sep-20,85,8.1,English
299,My Own Man,Documentary,13-Dec-14,81,6.4,English
300,Nail Bomber: Manhunt,Documentary,26-May-21,72,6.3,English
301,Naked,Comedy,11-Aug-17,96,5.4,English
302,Nappily Ever After,Comedy-drama,21-Sep-18,98,6.4,English
303,Night in Paradise,Drama,9-Apr-21,132,6.7,Korean
304,Nobody Knows I'm Here,Drama,24-Jun-20,91,6.5,Spanish
305,Nobody Sleeps in the Woods Tonight,Horror,28-Oct-20,103,4.8,Polish
306,Nobody Speak: Trials of the Free Press,Documentary,23-Jun-17,95,6.5,English
307,Notes for My Son,Drama,24-Nov-20,83,6.3,Spanish
308,Notes from Dunblane: Lesson from a School Shooting,Documentary,28-Sep-18,23,5.9,English
309,Octonauts & the Caves of Sac Actun,Animation,14-Aug-20,72,6.2,English
310,Octonauts & the Great Barrier Reef,Animation,13-Oct-20,47,7.3,English
311,Offering to the Storm,Thriller,24-Jul-20,139,6.2,Spanish
312,Okja,Action-adventure,28-Jun-17,121,7.3,English/Korean
313,Òlòt?ré,Crime drama,2-Oct-20,106,5.5,English
314,On My Skin,Crime drama,12-Sep-18,100,7.3,Italian
315,One of Us,Documentary,20-Oct-17,95,7.1,English
316,One Take,Documentary,18-Jun-20,85,5.7,Thai
317,One-Way to Tomorrow,Romance,19-Jun-20,90,5.6,Turkish
318,Operation Christmas Drop,Romantic comedy,5-Nov-20,96,5.8,English
319,Operation Varsity Blues: The College Admissions Scandal,Documentary,17-Mar-21,99,7,English
320,Otherhood,Comedy,2-Aug-19,100,6.1,English
321,Our Souls at Night,Romance,29-Sep-17,103,6.9,English
322,"Out of Many, One",Documentary,12-Dec-18,34,5.7,English
323,Outlaw King,Historical-epic,9-Nov-18,121,6.9,English
324,Outside the Wire,Action/Science fiction,15-Jan-21,114,5.4,English
325,Over the Moon,Animation/Musical/Adventure,23-Oct-20,95,6.4,English
326,Oxygen,Science fiction thriller,12-May-21,101,6.5,French
327,Paddleton,Drama-Comedy,22-Feb-19,89,7.2,English
328,Pagglait,Comedy-drama,26-Mar-21,114,6.9,Hindi
329,Paper Lives,Drama,12-Mar-21,97,6.7,Turkish
330,Paradox,Musical/Western/Fantasy,23-Mar-18,73,3.9,English
331,Parchis: The Documentary,Documentary,10-Jul-19,106,6.7,Spanish
332,Paris Is Us,Romance drama,22-Feb-19,83,4.6,French
333,Pee-wee's Big Holiday,Adventure,18-Mar-16,89,6.1,English
334,Pele,Documentary,23-Feb-21,108,7,English
335,Period. End of Sentence.,Documentary,12-Feb-19,26,7.4,English/Hindi
336,Pieces of a Woman,Drama,7-Jan-21,126,7.1,English
337,Point Blank,Action,12-Jul-19,86,5.7,English
338,Polar,Action,25-Jan-19,118,6.3,English
339,Porta dos Fundos: The First Temptation of Christ,Comedy,3-Dec-19,46,4.6,Portuguese
340,Porta dos Fundos: The Last Hangover,Comedy,21-Dec-18,44,6.3,Portuguese
341,Prime Time,Thriller,14-Apr-21,91,5.7,Polish
342,Private Life,Drama,5-Oct-18,124,7.2,English
343,Project Power,Superhero,14-Aug-20,113,6,English
344,Quincy,Documentary,21-Sep-18,124,7.6,English
345,Raat Akeli Hai,Thriller,31-Jul-20,149,7.3,Hindi
346,Rajma Chawal,Comedy-drama,30-Nov-18,118,5.8,Hindi
347,"Ram Dass, Going Home",Documentary,6-Apr-18,31,7.1,English
348,Rattlesnake,Horror,25-Oct-19,85,4.6,English
349,Rebecca,Romantic thriller,21-Oct-20,123,6,English
350,Rebirth,Thriller,15-Jul-16,100,5,English
351,Recovery Boys,Documentary,29-Jun-18,89,6.6,English
352,Red Dot,Thriller,11-Feb-21,86,5.5,Swedish
353,ReMastered: Devil at the Crossroads,Documentary,26-Apr-19,48,7,English
354,ReMastered: Massacre at the Stadium,Documentary,11-Jan-19,64,7.3,English/Spanish
355,ReMastered: The Lion's Share,Documentary,17-May-19,84,7,English
356,ReMastered: The Miami Showband Massacre,Documentary,22-Mar-19,70,7,English
357,ReMastered: The Two Killings of Sam Cooke,Documentary,8-Feb-19,64,7.3,English
358,ReMastered: Tricky Dick & the Man in Black,Documentary,2-Nov-18,58,7.1,English
359,ReMastered: Who Killed Jam Master Jay?,Documentary,7-Dec-18,58,6.6,English
360,ReMastered: Who Shot the Sheriff?,Documentary,12-Oct-18,57,6.9,English
361,Resurface,Documentary,1-Sep-17,27,7,English
362,Reversing Roe,Documentary,13-Sep-18,99,7.5,English
363,Rich in Love,Romantic comedy,30-Apr-20,105,5.8,Portuguese
364,Ride or Die,Psychological thriller drama,15-Apr-21,142,5.5,Japanese
365,Rim of the World,Science fiction adventure,24-May-19,98,5.2,English
366,Rising High,Satire,17-Apr-20,94,5.8,German
367,Rising Phoenix,Documentary,26-Aug-20,106,8.1,English
368,Road to Roma,Making-of,11-Feb-20,72,7.7,Spanish
369,Rocko's Modern Life: Static Cling,Animation / Comedy,9-Aug-19,45,7,English
370,Rodney King,One-man show,28-Apr-17,52,5.8,English
371,Rogue City,Crime drama,30-Oct-20,116,6.1,French
372,Rolling Thunder Revue: A bob Dylan Story by Martin Scorsere,Documentary,12-Jun-19,144,7.6,English
373,Roma,Drama,14-Dec-18,135,7.7,Spanish
374,Rooting for Roona,Documentary,15-Oct-20,41,7.1,Bengali
375,Rose Island,Comedy,9-Dec-20,117,7,Italian
376,Roxanne Roxanne,Biopic,23-Mar-18,98,6.2,English
377,Sand Castle,War,21-Apr-17,113,6.3,English
378,Sandy Wexler,Comedy,14-Apr-17,131,5.2,English
379,Sarah Cooper: Everything's Fine,Variety show,27-Oct-20,49,5.6,English
380,Sardar Ka Grandson,Comedy,18-May-21,139,4.1,Hindi
381,Saving Capitalism,Documentary,21-Nov-17,73,6.8,English
382,Searching for Sheela,Documentary,22-Apr-21,58,4.1,English
383,Seaspiracy,Documentary,24-Mar-21,89,8.2,English
384,Secret Obsession,Thriller,18-Jul-19,97,4.4,English
385,Secrets of the Saqqara Tomb,Documentary,28-Oct-20,114,7.3,English/Arabic
386,See You Yesterday,Science fiction,17-May-19,87,5.2,English
387,Seeing Allred,Documentary,9-Feb-18,95,6.9,English
388,Sentinelle,Action,5-Mar-21,80,4.7,French
389,Sergio,Biopic,17-Apr-20,118,6.1,English
390,Serious Men,Drama,2-Oct-20,114,6.8,Hindi
391,Seriously Single,Comedy,31-Jul-20,107,4.5,English
392,Set It Up,Romantic comedy,15-Jun-18,105,6.5,English
393,Seventeen,Coming-of-age comedy-drama,18-Oct-19,99,7.2,Spanish
394,Sextuplets,Comedy,16-Aug-19,99,4.4,English
395,Shawn Mendes: In Wonder,Documentary,23-Nov-20,83,6.6,English
396,Shawn Mendes: Live in Concert,Concert Film,25-Nov-20,87,7.4,English
397,Shimmer Lake,Crime thriller,9-Jun-17,86,6.3,English
398,Shirkers,Documentary,26-Oct-18,97,7.4,English
399,Sierra Burgess Is a Loser,Romantic comedy-drama,7-Sep-18,105,5.8,English
400,Sitara: Let Girls Dream,Animation / Short,8-Mar-20,15,7.3,English
401,Sky Ladder: The Art of Cai Guo-Qiang,Documentary,14-Oct-16,79,7.3,English/Mandarin
402,Small Crimes,Dark comedy,28-Apr-17,95,5.8,English
403,Sol Levante,Anime / Short,2-Apr-20,4,4.7,English
404,Someone Great,Romantic comedy,19-Apr-19,92,6.2,English
405,Sometimes,Drama,1-May-18,101,7.2,Tamil
406,Soni,Crime drama,18-Jan-19,97,7.2,Hindi
407,Space Sweepers,Science fiction,5-Feb-21,136,6.6,Korean
408,Special Correspondents,Satire,29-Apr-16,100,5.8,English
409,Spectral,Science fiction/Action,9-Dec-16,108,6.3,English
410,Spelling the Dream,Documentary,3-Jun-20,83,6.9,English
411,Spenser Confidential,Action comedy,6-Mar-20,111,6.2,English
412,Springsteen on Broadway,One-man show,16-Dec-18,153,8.5,English
413,Squared Love,Romantic comedy,11-Feb-21,102,5,Polish
414,Step Sisters,Comedy,19-Jan-18,108,5.5,English
415,Still Laugh-In: The Stars Celebrate,Variety show,14-May-19,60,5.2,English
416,Street Flow,Drama,12-Oct-19,96,6.4,French
417,"Strip Down, Rise Up",Documentary,5-Feb-21,112,5.2,English
418,Strong Island,Documentary,27-Sep-17,107,6.4,English
419,Struggle: The Life and Lost Art of Szukaiski,Documentary,21-Dec-18,105,8,English
420,Stuck Apart,Drama,8-Jan-21,96,6.1,Turkish
421,Sturgill Simpson Presents: Sound & Fury,Animation / Musicial,27-Sep-19,41,6.4,English
422,Take the 10,Comedy,20-Jan-17,80,4.8,English
423,Take Your Pills,Documentary,16-Mar-18,87,6.4,English
424,Tall Girl,Comedy-drama,13-Sep-19,102,5.2,English
425,Tallulah,Comedy-drama,29-Jul-16,111,6.7,English
426,TAU,Science fiction/Thriller,29-Jun-18,97,5.8,English
427,Taylor Swift: Reputation Stadium Tour,Concert Film,31-Dec-18,125,8.4,English
428,Team Foxcatcher,Documentary,29-Apr-16,90,7.3,English/Russian
429,Tell Me Who I Am,Documentary,18-Oct-19,85,7.6,English
430,Tersanjung the Movie,Drama,1-Apr-21,114,6.1,Indonesian
431,The 40-Year-Old Version,Comedy,9-Oct-20,124,7.2,English
432,The After Party,Comedy,24-Aug-18,89,5.8,English
433,The American Meme,Documentary,7-Dec-18,98,6.6,English
434,The Angel,Spy thriller,14-Sep-18,114,6.6,English
435,The App,Science fiction/Drama,26-Dec-19,79,2.6,Italian
436,The Babysitter,Teen comedy horror,13-Oct-17,85,6.3,English
437,The Babysitter: Killer Queen,Comedy/Horror,10-Sep-20,102,5.8,English
438,The Ballad of Buster Scruggs,Western,16-Nov-18,132,7.3,English
439,The Beast,Drama,27-Nov-20,99,5.2,Italian
440,The Binding,Drama,2-Oct-20,93,4.7,Italian
441,The Black Godfather,Documentary,7-Jun-19,118,7.4,English
442,The Bleeding Edge,Documentary,27-Jul-18,100,7.6,English
443,The Boys in the Band,Drama,30-Sep-20,121,6.8,English
444,The Boys in the Band: Something Personal,Aftershow / Interview,30-Sep-20,28,6.8,English
445,The Call,Drama,27-Nov-20,112,4.1,Korean
446,The Christmas Chronicles,Christmas/Fantasy/Adventure/Comedy,22-Nov-18,104,7,English
447,The Christmas Chronicles: Part Two,Christmas comedy,25-Nov-20,115,6,English
448,The Claudia Kishi Club,Documentary,10-Jul-20,17,6.9,English
449,The Claus Family,Fantasy,7-Dec-20,96,5.8,Dutch
450,The Cloverfield Paradox,Science fiction,4-Feb-18,102,5.5,English
451,The Crimes That Bind,Crime drama,20-Aug-20,99,6.6,Spanish
452,The Day of the Lord,Drama,30-Oct-20,93,4.9,Spanish
453,The Death and Life of Marsha P. Johnson,Documentary,6-Oct-17,105,7.3,English
454,The Decline,Thriller,27-Mar-20,83,5.9,French
455,The Devil All the Time,Psychological thriller,16-Sep-20,138,7.1,English
456,The Dig,Drama,29-Jan-21,112,7.1,English
457,The Dirt,Biopic,22-Mar-19,108,7,English
458,The Disciple,Drama,30-Apr-21,129,7.2,Marathi
459,The Discovery,Science fiction/Drama,31-Mar-17,102,6.3,English
460,The Do-Over,Action comedy,27-May-16,108,5.7,English
461,The Edge of Democracy,Documentary,19-Jun-19,121,7.2,Portuguese
462,The Forest of Love,Drama,11-Oct-19,151,6.3,Japanese
463,The Fundamentals of Caring,Comedy-drama,24-Jun-16,97,7.3,English
464,The Girl on the Train,Thriller,26-Feb-21,120,4.4,Hindi
465,The Great Hack,Documentary,24-Jul-19,114,7.1,English
466,The Half of It,Romance,1-May-20,105,6.9,English
467,The Heartbreak Club,Comedy-drama,14-Jan-21,101,6.4,Indonesian
468,The Highwaymen,Crime drama,29-Mar-19,131,6.9,English
469,The Holiday Calendar,Romantic comedy,2-Nov-18,95,5.7,English
470,The Incredible Jessica James,Comedy,28-Jul-17,83,6.5,English
471,The Irishman,Crime drama,27-Nov-19,209,7.8,English
472,The Irishman: In Conversation,Aftershow / Interview,27-Nov-19,23,7.4,English
473,The Ivory Game,Documentary,4-Nov-16,112,7.9,English
474,The Killer,Western,10-Nov-17,99,6.1,Portuguese
475,The King,Historical drama,1-Nov-19,140,7.2,English
476,The Kissing Booth,Romantic comedy,11-May-18,105,6,English
477,The Kissing Booth 2,Romantic comedy,24-Jul-20,131,5.8,English
478,The Knight Before Christmas,Romantic comedy,21-Nov-19,92,5.5,English
479,The Land of Steady Habits,Drama,14-Sep-18,98,6.2,English
480,The Larva Island Movie,Animation,23-Jul-20,90,5.1,English
481,The Last Days of American Crime,Heist film/Thriller,5-Jun-20,149,3.7,English
482,The Last Laugh,Comedy-drama,11-Jan-19,98,5.6,English
483,The Last Paradiso,Romantic drama,5-Feb-21,107,5.6,Italian
484,The Last Thing He Wanted,Political thriller,21-Feb-20,115,4.3,English
485,The Laundromat,Comedy-drama,18-Oct-19,98,6.3,English
486,The Legacy of a Whitetail Deer Hunter,Adventure/Comedy,6-Jul-18,83,5.5,English
487,The Legend of Cocaine Island,Documentary,29-Mar-19,87,6.3,English
488,The Life Ahead,Drama,13-Nov-20,95,6.8,Italian
489,The Lonely Island Presents: The Unauthorized Bash Brothers Experience,Comedy / Musical,23-May-19,30,6.9,English
490,The Lovebirds,Romantic comedy,22-May-20,87,6.1,English
491,The Main Event,Comedy,10-Apr-20,101,4.8,English
492,The Mars Generation,Documentary,5-May-17,97,6.4,English
493,The Meyerowitz Stories (New and Selected),Comedy-drama,13-Oct-17,112,6.9,English
494,The Midnight Sky,Science fiction,23-Dec-20,118,5.6,English
495,The Minimalists: Less Is Now,Documentary,1-Jan-21,53,5.9,English
496,The Misadventures of Hedi and Cokeman,Comedy,10-Feb-21,99,4.5,French
497,The Most Assassinated Woman in the World,Thriller,7-Sep-18,102,5.3,French
498,The Most Hated Woman in America,Biopic,24-Mar-17,92,6.1,English
499,The Night Comes for Us,Action-thriller,19-Oct-18,121,7,Indonesian
500,The Occupant,Thriller,25-Mar-20,103,6.4,Spanish
501,The Old Guard,Superhero/Action,10-Jul-20,124,6.7,English
502,The Open House,Horror thriller,19-Jan-18,94,3.2,English
503,The Other One: The Long Strange Trip of Bob Weir,Documentary,22-May-15,83,7.3,English
504,The Other Side of the Wind,Drama,2-Nov-18,122,6.8,English
505,The Outsider,Crime drama,9-Mar-18,120,6.3,English/Japanese
506,The Package,Black comedy,10-Aug-18,94,5.5,English
507,The Paramedic,Thriller,16-Sep-20,94,5.6,Spanish
508,The Perfect Date,Romantic comedy,12-Apr-19,89,5.8,English
509,The Perfection,Horror-thriller,24-May-19,90,6.1,English
510,The Players,Comedy,15-Jul-20,88,4.6,Italian
511,The Polka King,Comedy-drama,12-Jan-18,95,5.9,English
512,The Princess Switch,Romantic comedy,16-Nov-18,101,6,English
513,The Princess Switch: Switched Again,Romantic comedy,19-Nov-20,97,5.4,English
514,The Prom,Musical,11-Dec-20,132,5.9,English
515,The Rachel Divide,Documentary,27-Apr-18,104,6.2,English
516,The Red Sea Diving Resort,Spy thriller,31-Jul-19,130,6.6,English
517,The Ridiculous 6,Western,11-Dec-15,119,4.8,English
518,The Road to El Camino: A Breaking Bad Movie,Making-of,29-Oct-19,13,7.2,English
519,The Siege of Jadotville,War,7-Oct-16,108,7.2,English
520,The Sleepover,Comedy,21-Aug-20,103,5.6,English
521,The Social Dilemma,Documentary,9-Sep-20,94,7.6,English
522,The Speed Cubers,Documentary,29-Jul-20,40,7.4,English
523,The Three Deaths of Marisela Escobedo,Documentary,14-Oct-20,109,8.2,Spanish
524,The Trader,Documentary,9-Feb-18,23,6.8,Georgian
525,The Trial of the Chicago 7,Drama,16-Oct-20,130,7.8,English
526,The Two Popes,Drama,20-Dec-19,125,7.6,English
527,The Week Of,Comedy,27-Apr-18,116,5.2,English
528,The White Helmets,Documentary,16-Sep-16,40,7.5,English
529,The White Tiger,Drama,22-Jan-21,125,7.1,English
530,The Willoughbys,Animation/Comedy/Adventure,22-Apr-20,90,6.4,English
531,The Woman in the Window,Psychological thriller,14-May-21,100,5.7,English
532,The Wrong Missy,Comedy,13-May-20,90,5.7,English
533,They'll Love Me When I'm Dead,Documentary,2-Nov-18,98,7.4,English
534,Things Heard & Seen,Horror,29-Apr-21,121,5.3,English
535,Thunder Force,Superhero-Comedy,9-Apr-21,105,4.4,English
536,Tig,Documentary,17-Jul-15,80,7.4,English
537,Tigertail,Drama,10-Apr-20,91,6.5,English/Taiwanese/Mandarin
538,Time to Hunt,Thriller,23-Apr-20,134,6.3,Korean
539,To All the Boys I've Loved Before,Romantic comedy,17-Aug-18,99,7.1,English
540,To All the Boys: Always and Forever,Romantic comedy,12-Feb-21,109,6.3,English
541,To All the Boys: P.S. I Still Love You,Romantic comedy,12-Feb-20,102,6,English
542,"To Each, Her Own",Romantic comedy,24-Jun-18,95,5.3,French
543,To the Bone,Drama,14-Jul-17,107,6.8,English
544,Tony Parker: The Final Shot,Documentary,6-Jan-21,98,6.8,French
545,Tony Robbins: I Am Not Your Guru,Documentary,15-Jul-16,116,6.7,English
546,Tramps,Romance,21-Apr-17,83,6.5,English
547,Travis Scott: Look Mom I Can Fly,Documentary,28-Aug-19,85,6.3,English
548,Tribhanga  Tedhi Medhi Crazy,Drama,15-Jan-21,95,6.1,Hindi
549,Triple Frontier,Action-thriller,13-Mar-19,125,6.4,English
550,True Memoirs of an International Assassin,Action comedy,11-Nov-16,98,5.9,English
551,Two Catalonias,Documentary,28-Sep-18,116,6.4,Spanish/Catalan
552,Ultras,Sports film,20-Mar-20,108,5.9,Italian
553,Uncorked,Drama,27-Mar-20,103,6.3,English
554,Under the Riccione Sun,Romantic teenage drama,1-Jul-20,101,5.4,Italian
555,Unicorn Store,Comedy,5-Apr-19,92,5.5,English
556,Unknown Origins,Thriller,28-Aug-20,96,6.1,Spanish
557,Upstarts,Drama,18-Oct-19,112,6.7,Hindi
558,Vampires vs. the Bronx,Horror comedy,2-Oct-20,86,5.6,English
559,Velvet Buzzsaw,Thriller,1-Feb-19,112,5.7,English
560,Voyuer ,Documentary,1-Dec-17,95,6.2,English
561,Walk. Ride. Rodeo.,Drama,8-Mar-19,99,6.4,English
562,War Machine,War-Comedy,26-May-17,122,6,English
563,We Are One,Documentary,14-Jul-20,86,4.6,French
564,We Can Be Heroes,Superhero,25-Dec-20,100,4.7,English
565,What Did Jack Do?,Drama / Short,20-Jan-20,17,6.5,English
566,What Happened to Mr. Cha?,Comedy,1-Jan-21,102,4.3,Korean
567,"What Happened, Miss Simone?",Documentary,26-Jun-15,84,7.6,English
568,What We Wanted,Drama,11-Nov-20,93,5.8,German
569,What Would Sophia Loren Do?,Documentary,15-Jan-21,32,6.6,English
570,Wheelman,Action thriller,20-Oct-17,82,6.4,English
571,When We First Met,Romantic comedy,9-Feb-18,97,6.4,English
572,Whipped,Romantic comedy,18-Sep-20,97,4.1,Indonesian
573,Who Would You Take to a Deserted Island?,Drama,12-Apr-19,93,5.3,Spanish
574,Why Did You Kill Me?,Documentary,14-Apr-21,83,5.6,English
575,Win It All,Comedy,7-Apr-17,88,6.2,English
576,Wine Country,Comedy,10-May-19,103,5.5,English
577,Winter on Fire: Ukraine's Fight for Freedom,Documentary,9-Oct-15,91,8.4,English/Ukranian/Russian
578,Work It,Dance comedy,7-Aug-20,93,6.1,English
579,XOXO,Drama,26-Aug-16,92,5.3,English
580,Yeh Ballet,Drama,21-Feb-20,117,7.6,Hindi
581,Yes Day,Comedy,12-Mar-21,86,5.7,English
582,You've Got This,Romantic comedy,2-Oct-20,111,5.8,Spanish
583,Zion ,Documentary,10-Aug-18,11,7.2,English
